{
    "name":"PTA3",
    "title": "Pokémon Tabletop Adventures 3",
    "Description":"A D20-esque system for running adventures in the Pokémon universe.",
    "version":".0.1",
    "author":"Jo Mama",
    "scripts":[],
    "esmodules":[],
    "styles":[],
    "packs":[],
    "minimumCoreVersion":"9.0.0",
    "languages":[
        {
            "lang":"en",
            "name":"English",
            "path":"lang/en.json"
        }
    ],
    "socket": false,
    "initiative": 0,
    "gridDistance": 5,
    "gridUnits": "ft",
    "primaryTokenAttribute": "resources.health",
    "url": "https://github.com/KumasakaPanos/PTA3forFoundryVTT",
    "manifest":"https://raw.githubusercontent.com/Tsunflower/PTA3onFoundryVTT/main/system.json",
    "download":"https://github.com/Tsunflower/PTA3onFoundryVTT/blob/main/PTA3onFoundryVTT.zip?raw=true"
}